{
  "Arsenal": {
    "win_rate": 0.6312849162011173,
    "draw_rate": 0.19553072625698323,
    "loss_rate": 0.17318435754189945,
    "avg_goals_scored": 2.016759776536313,
    "avg_goals_conceded": 0.9720670391061452,
    "goal_difference": 1.0446927374301676,
    "points_per_game": 2.089385474860335,
    "home_win_rate": 0.7078651685393258,
    "away_win_rate": 0.5555555555555556,
    "home_goals_avg": 2.269662921348315,
    "away_goals_avg": 1.7666666666666666,
    "shots_avg": 15.502793296089385,
    "shots_on_target_avg": 5.29608938547486
  },
  "Aston Villa": {
    "win_rate": 0.47752808988764045,
    "draw_rate": 0.19662921348314608,
    "loss_rate": 0.3258426966292135,
    "avg_goals_scored": 1.5393258426966292,
    "avg_goals_conceded": 1.3426966292134832,
    "goal_difference": 0.19662921348314608,
    "points_per_game": 1.6292134831460674,
    "home_win_rate": 0.5617977528089888,
    "away_win_rate": 0.39325842696629215,
    "home_goals_avg": 1.8314606741573034,
    "away_goals_avg": 1.247191011235955,
    "shots_avg": 12.410112359550562,
    "shots_on_target_avg": 4.415730337078652
  },
  "Bournemouth": {
    "win_rate": 0.34285714285714286,
    "draw_rate": 0.2571428571428571,
    "loss_rate": 0.4,
    "avg_goals_scored": 1.3714285714285714,
    "avg_goals_conceded": 1.6357142857142857,
    "goal_difference": -0.2642857142857143,
    "points_per_game": 1.2857142857142858,
    "home_win_rate": 0.38571428571428573,
    "away_win_rate": 0.3,
    "home_goals_avg": 1.2857142857142858,
    "away_goals_avg": 1.457142857142857,
    "shots_avg": 13.071428571428571,
    "shots_on_target_avg": 4.635714285714286
  },
  "Brentford": {
    "win_rate": 0.3707865168539326,
    "draw_rate": 0.23595505617977527,
    "loss_rate": 0.39325842696629215,
    "avg_goals_scored": 1.5056179775280898,
    "avg_goals_conceded": 1.4550561797752808,
    "goal_difference": 0.05056179775280899,
    "points_per_game": 1.348314606741573,
    "home_win_rate": 0.42696629213483145,
    "away_win_rate": 0.3146067415730337,
    "home_goals_avg": 1.6853932584269662,
    "away_goals_avg": 1.3258426966292134,
    "shots_avg": 11.365168539325843,
    "shots_on_target_avg": 4.365168539325842
  },
  "Brighton": {
    "win_rate": 0.3651685393258427,
    "draw_rate": 0.3258426966292135,
    "loss_rate": 0.3089887640449438,
    "avg_goals_scored": 1.5112359550561798,
    "avg_goals_conceded": 1.4157303370786516,
    "goal_difference": 0.09550561797752809,
    "points_per_game": 1.4213483146067416,
    "home_win_rate": 0.4044943820224719,
    "away_win_rate": 0.3258426966292135,
    "home_goals_avg": 1.5280898876404494,
    "away_goals_avg": 1.4943820224719102,
    "shots_avg": 14.219101123595506,
    "shots_on_target_avg": 5.01123595505618
  },
  "Burnley": {
    "win_rate": 0.1568627450980392,
    "draw_rate": 0.28431372549019607,
    "loss_rate": 0.5588235294117647,
    "avg_goals_scored": 1.0098039215686274,
    "avg_goals_conceded": 1.7843137254901962,
    "goal_difference": -0.7745098039215687,
    "points_per_game": 0.7549019607843137,
    "home_win_rate": 0.17647058823529413,
    "away_win_rate": 0.13725490196078433,
    "home_goals_avg": 0.9607843137254902,
    "away_goals_avg": 1.0588235294117647,
    "shots_avg": 10.529411764705882,
    "shots_on_target_avg": 3.3627450980392157
  },
  "Chelsea": {
    "win_rate": 0.4606741573033708,
    "draw_rate": 0.2696629213483146,
    "loss_rate": 0.2696629213483146,
    "avg_goals_scored": 1.696629213483146,
    "avg_goals_conceded": 1.2134831460674158,
    "goal_difference": 0.48314606741573035,
    "points_per_game": 1.651685393258427,
    "home_win_rate": 0.4943820224719101,
    "away_win_rate": 0.42696629213483145,
    "home_goals_avg": 1.7752808988764044,
    "away_goals_avg": 1.6179775280898876,
    "shots_avg": 14.46629213483146,
    "shots_on_target_avg": 5.207865168539326
  },
  "Crystal Palace": {
    "win_rate": 0.3146067415730337,
    "draw_rate": 0.33146067415730335,
    "loss_rate": 0.3539325842696629,
    "avg_goals_scored": 1.2696629213483146,
    "avg_goals_conceded": 1.3258426966292134,
    "goal_difference": -0.056179775280898875,
    "points_per_game": 1.2752808988764044,
    "home_win_rate": 0.33707865168539325,
    "away_win_rate": 0.29213483146067415,
    "home_goals_avg": 1.3707865168539326,
    "away_goals_avg": 1.1685393258426966,
    "shots_avg": 11.887640449438202,
    "shots_on_target_avg": 4.140449438202247
  },
  "Everton": {
    "win_rate": 0.29775280898876405,
    "draw_rate": 0.2752808988764045,
    "loss_rate": 0.42696629213483145,
    "avg_goals_scored": 1.0561797752808988,
    "avg_goals_conceded": 1.3932584269662922,
    "goal_difference": -0.33707865168539325,
    "points_per_game": 1.1685393258426966,
    "home_win_rate": 0.3595505617977528,
    "away_win_rate": 0.23595505617977527,
    "home_goals_avg": 1.202247191011236,
    "away_goals_avg": 0.9101123595505618,
    "shots_avg": 11.601123595505618,
    "shots_on_target_avg": 3.8258426966292136
  },
  "Fulham": {
    "win_rate": 0.37857142857142856,
    "draw_rate": 0.2,
    "loss_rate": 0.42142857142857143,
    "avg_goals_scored": 1.4214285714285715,
    "avg_goals_conceded": 1.4857142857142858,
    "goal_difference": -0.06428571428571428,
    "points_per_game": 1.3357142857142856,
    "home_win_rate": 0.44285714285714284,
    "away_win_rate": 0.3142857142857143,
    "home_goals_avg": 1.5857142857142856,
    "away_goals_avg": 1.2571428571428571,
    "shots_avg": 12.571428571428571,
    "shots_on_target_avg": 4.25
  },
  "Ipswich": {
    "win_rate": 0.10526315789473684,
    "draw_rate": 0.2631578947368421,
    "loss_rate": 0.631578947368421,
    "avg_goals_scored": 0.9473684210526315,
    "avg_goals_conceded": 2.1578947368421053,
    "goal_difference": -1.2105263157894737,
    "points_per_game": 0.5789473684210527,
    "home_win_rate": 0.05263157894736842,
    "away_win_rate": 0.15789473684210525,
    "home_goals_avg": 0.7368421052631579,
    "away_goals_avg": 1.1578947368421053,
    "shots_avg": 9.894736842105264,
    "shots_on_target_avg": 3.3421052631578947
  },
  "Leeds": {
    "win_rate": 0.22549019607843138,
    "draw_rate": 0.29411764705882354,
    "loss_rate": 0.4803921568627451,
    "avg_goals_scored": 1.2352941176470589,
    "avg_goals_conceded": 1.9803921568627452,
    "goal_difference": -0.7450980392156863,
    "points_per_game": 0.9705882352941176,
    "home_win_rate": 0.29411764705882354,
    "away_win_rate": 0.1568627450980392,
    "home_goals_avg": 1.3137254901960784,
    "away_goals_avg": 1.1568627450980393,
    "shots_avg": 12.42156862745098,
    "shots_on_target_avg": 3.9411764705882355
  },
  "Leicester": {
    "win_rate": 0.2543859649122807,
    "draw_rate": 0.21052631578947367,
    "loss_rate": 0.5350877192982456,
    "avg_goals_scored": 1.280701754385965,
    "avg_goals_conceded": 1.8157894736842106,
    "goal_difference": -0.5350877192982456,
    "points_per_game": 0.9736842105263158,
    "home_win_rate": 0.3333333333333333,
    "away_win_rate": 0.17543859649122806,
    "home_goals_avg": 1.263157894736842,
    "away_goals_avg": 1.2982456140350878,
    "shots_avg": 10.412280701754385,
    "shots_on_target_avg": 3.789473684210526
  },
  "Liverpool": {
    "win_rate": 0.6067415730337079,
    "draw_rate": 0.24157303370786518,
    "loss_rate": 0.15168539325842698,
    "avg_goals_scored": 2.146067415730337,
    "avg_goals_conceded": 1.0674157303370786,
    "goal_difference": 1.0786516853932584,
    "points_per_game": 2.061797752808989,
    "home_win_rate": 0.7191011235955056,
    "away_win_rate": 0.4943820224719101,
    "home_goals_avg": 2.3258426966292136,
    "away_goals_avg": 1.9662921348314606,
    "shots_avg": 17.882022471910112,
    "shots_on_target_avg": 6.117977528089888
  },
  "Luton": {
    "win_rate": 0.15789473684210525,
    "draw_rate": 0.21052631578947367,
    "loss_rate": 0.631578947368421,
    "avg_goals_scored": 1.368421052631579,
    "avg_goals_conceded": 2.236842105263158,